{
	"textures": {
		"0": "custom:item/extinguished_lantern",
		"particle": "custom:item/extinguished_lantern"
	},
	"elements": [
		{
			"from": [0, 0, 0],
			"to": [6, 7, 6],
			"faces": {
				"north": {"uv": [0, 2, 6, 9], "texture": "#0"},
				"east": {"uv": [0, 2, 6, 9], "texture": "#0"},
				"south": {"uv": [0, 2, 6, 9], "texture": "#0"},
				"west": {"uv": [0, 2, 6, 9], "texture": "#0"},
				"up": {"uv": [0, 9, 6, 15], "texture": "#0"},
				"down": {"uv": [0, 9, 6, 15], "texture": "#0"}
			}
		},
		{
			"from": [1, 7, 1],
			"to": [5, 9, 5],
			"rotation": {"angle": 0, "axis": "y", "origin": [1, 7, 0]},
			"faces": {
				"north": {"uv": [1, 0, 5, 2], "texture": "#0"},
				"east": {"uv": [1, 0, 5, 2], "texture": "#0"},
				"south": {"uv": [1, 0, 5, 2], "texture": "#0"},
				"west": {"uv": [1, 0, 5, 2], "texture": "#0"},
				"up": {"uv": [1, 10, 5, 14], "texture": "#0"},
				"down": {"uv": [0, 0, 4, 4], "texture": "#missing"}
			}
		},
		{
			"from": [5, 9, 2.41421],
			"to": [5, 15, 5.24264],
			"rotation": {"angle": -45, "axis": "y", "origin": [5, 9, 1]},
			"faces": {
				"north": {"uv": [0, 0, 0, 6], "texture": "#missing"},
				"east": {"uv": [11, 0, 13.82843, 6], "texture": "#0"},
				"south": {"uv": [0, 0, 0, 6], "texture": "#missing"},
				"west": {"uv": [11, 0, 13.82843, 6], "texture": "#0"},
				"up": {"uv": [0, 0, 2.82843, 0], "rotation": 90, "texture": "#missing"},
				"down": {"uv": [0, 0, 2.82843, 0], "rotation": 270, "texture": "#missing"}
			}
		},
		{
			"from": [1, 9, 2.41421],
			"to": [1, 15, 5.24264],
			"rotation": {"angle": 45, "axis": "y", "origin": [1, 9, 1]},
			"faces": {
				"north": {"uv": [0, 0, 0, 6], "texture": "#missing"},
				"east": {"uv": [11, 6, 13.82843, 12], "texture": "#0"},
				"south": {"uv": [0, 0, 0, 6], "texture": "#missing"},
				"west": {"uv": [11, 6, 13.82843, 12], "texture": "#0"},
				"up": {"uv": [0, 0, 2.82843, 0], "rotation": 90, "texture": "#missing"},
				"down": {"uv": [0, 0, 2.82843, 0], "rotation": 270, "texture": "#missing"}
			}
		}
	]
}