{
    "parent": "minecraft:item/handheld",
    "textures": {
        "layer0": "minecraft:item/iron_sword"
    },
    "display": {
		"thirdperson_righthand": {
			"rotation": [-134.25, 36.15, -173.1],
			"translation": [-4.5, 3.75, 3.25]
		},
		"thirdperson_lefthand": {
			"rotation": [50.97, -35.92, -3],
			"translation": [-4.25, 3.75, 3.25]
		},
		"firstperson_righthand": {
			"rotation": [0, -10, 110],
			"translation": [-5.13, 3.2, 1.13],
			"scale": [0.68, 0.68, 0.68]
		},
		"firstperson_lefthand": {
			"rotation": [0, -10, 20],
			"translation": [-5.13, 3.2, 1.13],
			"scale": [0.68, 0.68, 0.68]
		}
    }
}
