{
	"textures": {
		"0": "custom:item/monhan",
		"particle": "custom:item/monhan"
	},
	"elements": [
		{
			"from": [0, 0, 0],
			"to": [8, 8, 8],
			"faces": {
				"north": {"uv": [0, 0, 5.33333, 8], "texture": "#0"},
				"east": {"uv": [5.33333, 0, 10.66667, 8], "texture": "#0"},
				"south": {"uv": [5.33333, 8, 10.66667, 16], "texture": "#0"},
				"west": {"uv": [0, 8, 5.33333, 16], "texture": "#0"},
				"up": {"uv": [10.66667, 0, 16, 8], "texture": "#0"},
				"down": {"uv": [10.66667, 8, 16, 16], "texture": "#0"}
			}
		}
	]
}