{
	"credit": "Made with Blockbench",
	"textures": {
		"1": "custom:item/safezone",
		"particle": "custom:item/safezone"
	},
	"elements": [
		{
			"from": [-1, -1, -1],
			"to": [1, 1, -1],
			"rotation": {"angle": 0, "axis": "y", "origin": [0, 0, -1]},
			"faces": {
				"north": {"uv": [0, 0, 2, 2], "texture": "#1"},
				"south": {"uv": [2, 0, 4, 2], "texture": "#1"}
			}
		},
		{
			"from": [-1, -1, -1],
			"to": [-1, 1, 1],
			"rotation": {"angle": 0, "axis": "y", "origin": [-1, 0, 0]},
			"faces": {
				"east": {"uv": [2, 0, 4, 2], "texture": "#1"},
				"west": {"uv": [0, 0, 2, 2], "texture": "#1"}
			}
		},
		{
			"from": [1, -1, -1],
			"to": [1, 1, 1],
			"rotation": {"angle": 0, "axis": "y", "origin": [1, 0, 0]},
			"faces": {
				"east": {"uv": [0, 0, 2, 2], "texture": "#1"},
				"west": {"uv": [2, 0, 4, 2], "texture": "#1"}
			}
		},
		{
			"from": [-1, -1, 1],
			"to": [1, 1, 1],
			"rotation": {"angle": 0, "axis": "y", "origin": [0, 0, 1]},
			"faces": {
				"north": {"uv": [2, 0, 4, 2], "texture": "#1"},
				"south": {"uv": [0, 0, 2, 2], "texture": "#1"}
			}
		}
	],
	"groups": [
		{
			"name": "group",
			"origin": [0, 0, -1],
			"color": 0,
			"children": [0, 1, 2, 3]
		}
	]
}