{
	"providers": [
		{
			"type": "bitmap",
			"file": "minecraft:icon/blank.png",
			"ascent": 8,
			"height": 8,
			"chars": ["\u00d7"]
		},
		{
			"type": "bitmap",
			"file": "minecraft:fade/black.png",
			"ascent": 128,
			"height": 512,
			"chars": ["\uF000"]
		},
		{
			"type": "bitmap",
			"file": "minecraft:fade/red.png",
			"ascent": 128,
			"height": 512,
			"chars": ["\uF001"]
		},
		{
			"type": "bitmap",
			"file": "minecraft:fade/white.png",
			"ascent": 128,
			"height": 512,
			"chars": ["\uF002"]
		},
		{
			"type": "bitmap",
			"file": "minecraft:icon/water.png",
			"ascent": 8,
			"height": 8,
			"chars": ["\uF003"]
		},
		{
			"type": "bitmap",
			"file": "minecraft:icon/ice.png",
			"ascent": 8,
			"height": 8,
			"chars": ["\uF004"]
		},
		{
			"type": "bitmap",
			"file": "minecraft:icon/fire.png",
			"ascent": 8,
			"height": 8,
			"chars": ["\uF005"]
		},
		{
			"type": "bitmap",
			"file": "minecraft:icon/electric.png",
			"ascent": 8,
			"height": 8,
			"chars": ["\uF006"]
		},
		{
			"type": "bitmap",
			"file": "minecraft:icon/nature.png",
			"ascent": 8,
			"height": 8,
			"chars": ["\uF007"]
		},
		{
			"type": "bitmap",
			"file": "minecraft:icon/wind.png",
			"ascent": 8,
			"height": 8,
			"chars": ["\uF008"]
		},
		{
			"type": "bitmap",
			"file": "minecraft:icon/neutral.png",
			"ascent": 8,
			"height": 8,
			"chars": ["\uF009"]
		},
		{
			"type": "bitmap",
			"file": "minecraft:icon/poison.png",
			"ascent": 8,
			"height": 8,
			"chars": ["\uF010"]
		},
		{
			"type": "bitmap",
			"file": "minecraft:icon/light.png",
			"ascent": 8,
			"height": 8,
			"chars": ["\uF011"]
		},
		{
			"type": "bitmap",
			"file": "minecraft:icon/dark.png",
			"ascent": 8,
			"height": 8,
			"chars": ["\uF012"]
		},
		{
			"type": "bitmap",
			"file": "minecraft:icon/true.png",
			"ascent": 8,
			"height": 8,
			"chars": ["\uF013"]
		},
		{
			"type": "bitmap",
			"file": "minecraft:fade/purification.png",
			"ascent": 128,
			"height": 512,
			"chars": ["\uF014"]
		},
		{
			"type": "bitmap",
			"file": "minecraft:icon/crimson.png",
			"ascent": 8,
			"height": 8,
			"chars": ["\uF015"]
		},
		{
			"type": "bitmap",
			"file": "minecraft:icon/warped.png",
			"ascent": 8,
			"height": 8,
			"chars": ["\uF016"]
		},
		{
			"type": "bitmap",
			"file": "minecraft:icon/ashes.png",
			"ascent": 8,
			"height": 8,
			"chars": ["\uF017"]
		},
		{
			"type": "bitmap",
			"file": "minecraft:icon/spirit.png",
			"ascent": 8,
			"height": 8,
			"chars": ["\uF018"]
		},
		{
			"type": "bitmap",
			"file": "minecraft:icon/heart.png",
			"ascent": 8,
			"height": 8,
			"chars": ["\uF019"]
		},
		{
			"type": "bitmap",
			"file": "minecraft:icon/laser.png",
			"ascent": 8,
			"height": 8,
			"chars": ["\uF020"]
		},
		{
			"type": "bitmap",
			"file": "minecraft:icon/line.png",
			"ascent": 8,
			"height": 8,
			"chars": ["\uF021"]
		}
	]
}
