{
	"textures": {
		"0": "animated_java:blueprint/large_chest/large_chest",
		"particle": "minecraft:item/pufferfish"
	},
	"display": {
		"head": {
			"rotation": [0, 180, 0]
		}
	},
	"elements": [
		{
			"from": [-10.4, 8, -4],
			"to": [13.6, 16, 7.2],
			"rotation": {
				"angle": 0,
				"axis": "y",
				"origin": [-9.6, 8, -3.2]
			},
			"faces": {
				"north": {
					"uv": [8, 2.54545, 13.45455, 4.36364],
					"rotation": 180,
					"texture": "#0"
				},
				"east": {
					"uv": [13.45455, 2.54545, 16, 4.36364],
					"rotation": 180,
					"texture": "#0"
				},
				"south": {
					"uv": [0, 2.54545, 5.45455, 4.36364],
					"rotation": 180,
					"texture": "#0"
				},
				"west": {
					"uv": [5.45455, 2.54545, 8, 4.36364],
					"rotation": 180,
					"texture": "#0"
				},
				"up": {
					"uv": [8, 4.36364, 13.45455, 6.90909],
					"rotation": 180,
					"texture": "#0"
				},
				"down": {
					"uv": [8, 0, 13.45455, 2.54545],
					"rotation": 180,
					"texture": "#0"
				}
			}
		}
	]
}