{
	"textures": {
		"0": "animated_java:blueprint/large_chest/large_chest",
		"particle": "minecraft:item/pufferfish"
	},
	"display": {
		"head": {
			"rotation": [0, 180, 0]
		}
	},
	"elements": [
		{
			"from": [-4, 8, -3.2],
			"to": [20, 12, 8],
			"rotation": {
				"angle": 0,
				"axis": "y",
				"origin": [-3.2, 8, -2.4]
			},
			"faces": {
				"north": {
					"uv": [8, 9.45455, 13.45455, 10.36364],
					"rotation": 180,
					"texture": "#0"
				},
				"east": {
					"uv": [13.45455, 9.45455, 16, 10.36364],
					"rotation": 180,
					"texture": "#0"
				},
				"south": {
					"uv": [0, 9.45455, 5.45455, 10.36364],
					"rotation": 180,
					"texture": "#0"
				},
				"west": {
					"uv": [5.45455, 9.45455, 8, 10.36364],
					"rotation": 180,
					"texture": "#0"
				},
				"up": {
					"uv": [13.45455, 10.36364, 8, 12.90909],
					"texture": "#0"
				},
				"down": {
					"uv": [8, 6.90909, 13.45455, 9.45455],
					"rotation": 180,
					"texture": "#0"
				}
			}
		},
		{
			"from": [7.2, 6.4, -4],
			"to": [8.8, 9.6, -3.2],
			"rotation": {
				"angle": 0,
				"axis": "y",
				"origin": [8, 6.4, -3.2]
			},
			"faces": {
				"north": {
					"uv": [0.18182, 0.18182, 0.54545, 0.90909],
					"rotation": 180,
					"texture": "#0"
				},
				"east": {
					"uv": [0.18182, 0.18182, 0.36364, 0.90909],
					"rotation": 180,
					"texture": "#0"
				},
				"south": {
					"uv": [0.72727, 0.18182, 1.09091, 0.90909],
					"rotation": 180,
					"texture": "#0"
				},
				"west": {
					"uv": [0.54545, 0.18182, 0.72727, 0.90909],
					"rotation": 180,
					"texture": "#0"
				},
				"up": {
					"uv": [0.18182, 0, 0.54545, 0.18182],
					"texture": "#0"
				},
				"down": {
					"uv": [0.18182, 0.90909, 0.54545, 1.09091],
					"texture": "#0"
				}
			}
		}
	]
}