{
  "hand_animation_on_swap": false,
  "model": {
    "type": "condition",
    "property": "selected",
    "on_false": {
      "type": "model",
      "model": "custom:item/knife0"
    },
    "on_true": {
      "type": "condition",
      "property": "keybind_down",
      "keybind": "key.use",
        "on_true": {
          "type": "model",
          "model": "custom:item/knife1"
        },
        "on_false": {
          "type": "model",
          "model": "custom:item/knife0"
        }
    }
  }
}
