{
	"textures": {
		"0": "animated_java:blueprint/chaos_golem_damage/chaos_golem",
		"particle": "minecraft:item/pufferfish"
	},
	"display": {
		"head": {
			"rotation": [0, 180, 0]
		}
	},
	"elements": [
		{
			"from": [-4, 5.75, 2],
			"to": [20, 20.75, 14],
			"rotation": {
				"angle": 0,
				"axis": "y",
				"origin": [-3.25, 5.75, -3.25]
			},
			"faces": {
				"north": {
					"uv": [6.4, 2.56, 11.52, 5.76],
					"texture": "#0"
				},
				"east": {
					"uv": [8.96, 11.52, 11.52, 14.72],
					"texture": "#0"
				},
				"south": {
					"uv": [6.4, 8.32, 11.52, 11.52],
					"texture": "#0"
				},
				"west": {
					"uv": [6.4, 11.52, 8.96, 14.72],
					"texture": "#0"
				},
				"up": {
					"uv": [6.4, 0, 11.52, 2.56],
					"texture": "#0"
				},
				"down": {
					"uv": [6.4, 5.76, 11.52, 8.32],
					"texture": "#0"
				}
			}
		},
		{
			"from": [-0.25, -1, 4.25],
			"to": [16.25, 6.5, 11.75],
			"rotation": {
				"angle": 0,
				"axis": "y",
				"origin": [0.5, -1, -1]
			},
			"faces": {
				"north": {
					"uv": [11.52, 1.6, 15.04, 3.2],
					"texture": "#0"
				},
				"east": {
					"uv": [11.52, 6.4, 13.12, 8],
					"texture": "#0"
				},
				"south": {
					"uv": [11.52, 4.8, 15.04, 6.4],
					"texture": "#0"
				},
				"west": {
					"uv": [13.12, 6.4, 14.72, 8],
					"texture": "#0"
				},
				"up": {
					"uv": [11.52, 0, 15.04, 1.6],
					"texture": "#0"
				},
				"down": {
					"uv": [11.52, 3.2, 15.04, 4.8],
					"texture": "#0"
				}
			}
		}
	]
}