{
	"textures": {
		"0": "animated_java:blueprint/chaos_golem_damage/chaos_golem",
		"particle": "minecraft:item/pufferfish"
	},
	"display": {
		"head": {
			"rotation": [0, 180, 0]
		}
	},
	"elements": [
		{
			"from": [4, -8, 4],
			"to": [12, 8, 12],
			"rotation": {
				"angle": 0,
				"axis": "y",
				"origin": [8, 8, 8]
			},
			"faces": {
				"north": {
					"uv": [1.28, 7.68, 2.56, 10.24],
					"texture": "#0"
				},
				"east": {
					"uv": [0, 7.68, 1.28, 10.24],
					"texture": "#0"
				},
				"south": {
					"uv": [3.84, 7.68, 5.12, 10.24],
					"texture": "#0"
				},
				"west": {
					"uv": [2.56, 7.68, 3.84, 10.24],
					"texture": "#0"
				},
				"up": {
					"uv": [5.12, 7.68, 6.4, 8.96],
					"texture": "#0"
				},
				"down": {
					"uv": [5.12, 8.96, 6.4, 10.24],
					"texture": "#0"
				}
			}
		}
	]
}