{
	"textures": {
		"0": "animated_java:blueprint/chaos_golem_damage/chaos_golem",
		"particle": "minecraft:item/pufferfish"
	},
	"display": {
		"head": {
			"rotation": [0, 180, 0]
		}
	},
	"elements": [
		{
			"from": [4, 0, 1],
			"to": [12, 16, 9],
			"rotation": {
				"angle": 0,
				"axis": "y",
				"origin": [5, 0, -6]
			},
			"faces": {
				"north": {
					"uv": [1.28, 2.56, 2.56, 5.12],
					"texture": "#0"
				},
				"east": {
					"uv": [0, 2.56, 1.28, 5.12],
					"texture": "#0"
				},
				"south": {
					"uv": [3.84, 2.56, 5.12, 5.12],
					"texture": "#0"
				},
				"west": {
					"uv": [2.56, 2.56, 3.84, 5.12],
					"texture": "#0"
				},
				"up": {
					"uv": [5.12, 2.56, 6.4, 3.84],
					"texture": "#0"
				},
				"down": {
					"uv": [5.12, 3.84, 6.4, 5.12],
					"texture": "#0"
				}
			}
		}
	]
}