{
	"model": {
		"type": "minecraft:select",
		"property": "minecraft:custom_model_data",
		"cases": [
			{
				"when": "slim",
				"model": {
					"type": "minecraft:special",
					"base": "animated_java:blueprint/player_display/slim/torso",
					"model": {
						"type": "minecraft:head",
						"kind": "player"
					  }
				}
			}
		],
		"fallback": {
			"type": "minecraft:special",
			"base": "animated_java:blueprint/player_display/torso",
			"model": {
				"type": "minecraft:head",
				"kind": "player"
			  }
		},
		"tints": [
			{
				"type": "minecraft:dye",
				"default": [1, 1, 1]
			}
		]
	}
}