{
	"textures": {
		"0": "animated_java:blueprint/chaos_golem/chaos_golem",
		"particle": "minecraft:item/pufferfish"
	},
	"display": {
		"head": {
			"rotation": [0, 180, 0]
		}
	},
	"elements": [
		{
			"from": [1, 3, 1],
			"to": [15, 13, 15],
			"rotation": {
				"angle": 0,
				"axis": "y",
				"origin": [2, 3, -6]
			},
			"faces": {
				"north": {
					"uv": [11.52, 8, 13.76, 9.6],
					"texture": "#0"
				},
				"east": {
					"uv": [11.52, 9.6, 13.76, 11.2],
					"texture": "#0"
				},
				"south": {
					"uv": [11.52, 12.8, 13.76, 14.4],
					"texture": "#0"
				},
				"west": {
					"uv": [11.52, 11.2, 13.76, 12.8],
					"texture": "#0"
				},
				"up": {
					"uv": [13.76, 8, 16, 10.24],
					"texture": "#0"
				},
				"down": {
					"uv": [13.76, 10.24, 16, 12.48],
					"texture": "#0"
				}
			}
		}
	]
}