{
	"textures": {
		"0": "animated_java:blueprint/chaos_golem/chaos_golem",
		"particle": "minecraft:item/pufferfish"
	},
	"display": {
		"head": {
			"rotation": [0, 180, 0]
		}
	},
	"elements": [
		{
			"from": [8, -8, 4],
			"to": [16, 8, 12],
			"rotation": {
				"angle": 0,
				"axis": "y",
				"origin": [8, 8, 0]
			},
			"faces": {
				"north": {
					"uv": [1.28, 5.12, 2.56, 7.68],
					"texture": "#0"
				},
				"east": {
					"uv": [0, 5.12, 1.28, 7.68],
					"texture": "#0"
				},
				"south": {
					"uv": [3.84, 5.12, 5.12, 7.68],
					"texture": "#0"
				},
				"west": {
					"uv": [2.56, 5.12, 3.84, 7.68],
					"texture": "#0"
				},
				"up": {
					"uv": [5.12, 5.12, 6.4, 6.4],
					"texture": "#0"
				},
				"down": {
					"uv": [5.12, 6.4, 6.4, 7.68],
					"texture": "#0"
				}
			}
		}
	]
}