{
	"textures": {
		"0": "animated_java:blueprint/chaos_golem/chaos_golem",
		"particle": "minecraft:item/pufferfish"
	},
	"display": {
		"head": {
			"rotation": [0, 180, 0]
		}
	},
	"elements": [
		{
			"from": [4, 0, 4],
			"to": [12, 16, 12],
			"rotation": {
				"angle": 0,
				"axis": "y",
				"origin": [5, 0, -3]
			},
			"faces": {
				"north": {
					"uv": [1.28, 0, 2.56, 2.56],
					"texture": "#0"
				},
				"east": {
					"uv": [0, 0, 1.28, 2.56],
					"texture": "#0"
				},
				"south": {
					"uv": [3.84, 0, 5.12, 2.56],
					"texture": "#0"
				},
				"west": {
					"uv": [2.56, 0, 3.84, 2.56],
					"texture": "#0"
				},
				"up": {
					"uv": [5.12, 0, 6.4, 1.28],
					"texture": "#0"
				},
				"down": {
					"uv": [5.12, 1.28, 6.4, 2.56],
					"texture": "#0"
				}
			}
		}
	]
}