{
	"textures": {
		"0": "animated_java:blueprint/chaos_golem/chaos_golem",
		"particle": "minecraft:item/pufferfish"
	},
	"display": {
		"head": {
			"rotation": [0, 180, 0]
		}
	},
	"elements": [
		{
			"from": [4, -8, 4],
			"to": [12, 8, 12],
			"rotation": {
				"angle": 0,
				"axis": "y",
				"origin": [8, 8, 8]
			},
			"faces": {
				"north": {
					"uv": [2.56, 12.8, 1.28, 15.36],
					"texture": "#0"
				},
				"east": {
					"uv": [1.28, 12.8, 0, 15.36],
					"texture": "#0"
				},
				"south": {
					"uv": [5.12, 12.8, 3.84, 15.36],
					"texture": "#0"
				},
				"west": {
					"uv": [3.84, 12.8, 2.56, 15.36],
					"texture": "#0"
				},
				"up": {
					"uv": [6.4, 12.8, 5.12, 14.08],
					"texture": "#0"
				},
				"down": {
					"uv": [6.4, 14.08, 5.12, 15.36],
					"texture": "#0"
				}
			}
		}
	]
}