{
	"textures": {
		"0": "animated_java:blueprint/chaos_golem/chaos_golem",
		"particle": "minecraft:item/pufferfish"
	},
	"display": {
		"head": {
			"rotation": [0, 180, 0]
		}
	},
	"elements": [
		{
			"from": [0, -8, 4],
			"to": [8, 8, 12],
			"rotation": {
				"angle": 0,
				"axis": "y",
				"origin": [8, 8, 0]
			},
			"faces": {
				"north": {
					"uv": [1.28, 10.24, 2.56, 12.8],
					"texture": "#0"
				},
				"east": {
					"uv": [0, 10.24, 1.28, 12.8],
					"texture": "#0"
				},
				"south": {
					"uv": [3.84, 10.24, 5.12, 12.8],
					"texture": "#0"
				},
				"west": {
					"uv": [2.56, 10.24, 3.84, 12.8],
					"texture": "#0"
				},
				"up": {
					"uv": [5.12, 10.24, 6.4, 11.52],
					"texture": "#0"
				},
				"down": {
					"uv": [5.12, 11.52, 6.4, 12.8],
					"texture": "#0"
				}
			}
		}
	]
}